{
  "cities": [
    {
      "id": "france_paris",
      "countryId": "france",
      "name": "Paris",
      "report": "reports/france_paris_report.json"
    },
    {
      "id": "finland_helsinki",
      "countryId": "finland",
      "name": "Helsinki",
      "report": "reports/finland_helsinki_report.json"
    },
    {
      "id": "germany_munich",
      "countryId": "germany",
      "name": "Munich",
      "report": "reports/germany_munich_report.json"
    },
    {
      "id": "netherlands_amsterdam",
      "countryId": "netherlands",
      "name": "Amsterdam",
      "report": "reports/netherlands_amsterdam_report.json"
    },
    {
      "id": "netherlands_utrecht",
      "countryId": "netherlands",
      "name": "Utrecht",
      "report": "reports/netherlands_utrecht_report.json"
    },
    {
      "id": "netherlands_rotterdam",
      "countryId": "netherlands",
      "name": "Rotterdam",
      "report": "reports/netherlands_rotterdam_report.json"
    },
    {
      "id": "ireland_dublin",
      "countryId": "ireland",
      "name": "Dublin",
      "report": "reports/ireland_dublin_report.json"
    },
    {
      "id": "ireland_galway",
      "countryId": "ireland",
      "name": "Galway",
      "report": "reports/ireland_galway_report.json"
    },
    {
      "id": "ireland_cork",
      "countryId": "ireland",
      "name": "Cork",
      "report": "reports/ireland_cork_report.json"
    },
    {
      "id": "germany_berlin",
      "countryId": "germany",
      "name": "Berlin",
      "report": "reports/germany_berlin_report.json"
    },
    {
      "id": "germany_hamburg",
      "countryId": "germany",
      "name": "Hamburg",
      "report": "reports/germany_hamburg_report.json"
    },
    {
      "id": "germany_frankfurt",
      "countryId": "germany",
      "name": "Frankfurt",
      "report": "reports/germany_frankfurt_report.json"
    },
    {
      "id": "united_kingdom_london",
      "countryId": "united_kingdom",
      "name": "London",
      "report": "reports/united_kingdom_london_report.json"
    },
    {
      "id": "united_kingdom_guildford",
      "countryId": "united_kingdom",
      "name": "Guildford",
      "report": "reports/united_kingdom_guildford_report.json"
    },
    {
      "id": "united_kingdom_manchester",
      "countryId": "united_kingdom",
      "name": "Manchester",
      "report": "reports/united_kingdom_manchester_report.json"
    },
    {
      "id": "sweden_stockholm",
      "countryId": "sweden",
      "name": "Stockholm",
      "report": "reports/sweden_stockholm_report.json"
    },
    {
      "id": "sweden_gothenburg",
      "countryId": "sweden",
      "name": "Gothenburg",
      "report": "reports/sweden_gothenburg_report.json"
    },
    {
      "id": "sweden_malm\u00F6",
      "countryId": "sweden",
      "name": "Malm\u00F6",
      "report": "reports/sweden_malm\u00F6_report.json"
    },
    {
      "id": "portugal_lisbon",
      "countryId": "portugal",
      "name": "Lisbon",
      "report": "reports/portugal_lisbon_report.json"
    },
    {
      "id": "portugal_porto",
      "countryId": "portugal",
      "name": "Porto",
      "report": "reports/portugal_porto_report.json"
    },
    {
      "id": "portugal_coimbra",
      "countryId": "portugal",
      "name": "Coimbra",
      "report": "reports/portugal_coimbra_report.json"
    },
    {
      "id": "spain_barcelona",
      "countryId": "spain",
      "name": "Barcelona",
      "report": "reports/spain_barcelona_report.json"
    },
    {
      "id": "spain_madrid",
      "countryId": "spain",
      "name": "Madrid",
      "report": "reports/spain_madrid_report.json"
    },
    {
      "id": "spain_valencia",
      "countryId": "spain",
      "name": "Valencia",
      "report": "reports/spain_valencia_report.json"
    },
    {
      "id": "canada_montreal",
      "countryId": "canada",
      "name": "Montreal",
      "report": "reports/canada_montreal_report.json"
    },
    {
      "id": "canada_toronto",
      "countryId": "canada",
      "name": "Toronto",
      "report": "reports/canada_toronto_report.json"
    },
    {
      "id": "canada_vancouver",
      "countryId": "canada",
      "name": "Vancouver",
      "report": "reports/canada_vancouver_report.json"
    },
    {
      "id": "france_lyon",
      "countryId": "france",
      "name": "Lyon",
      "report": "reports/france_lyon_report.json"
    },
    {
      "id": "france_bordeaux",
      "countryId": "france",
      "name": "Bordeaux",
      "report": "reports/france_bordeaux_report.json"
    },
    {
      "id": "norway_oslo",
      "countryId": "norway",
      "name": "Oslo",
      "report": "reports/norway_oslo_report.json"
    },
    {
      "id": "norway_bergen",
      "countryId": "norway",
      "name": "Bergen",
      "report": "reports/norway_bergen_report.json"
    },
    {
      "id": "norway_trondheim",
      "countryId": "norway",
      "name": "Trondheim",
      "report": "reports/norway_trondheim_report.json"
    },
    {
      "id": "finland_tampere",
      "countryId": "finland",
      "name": "Tampere",
      "report": "reports/finland_tampere_report.json"
    },
    {
      "id": "finland_oulu",
      "countryId": "finland",
      "name": "Oulu",
      "report": "reports/finland_oulu_report.json"
    },
    {
      "id": "united_states_kansas_city",
      "countryId": "united_states",
      "name": "Kansas City",
      "report": "reports/united_states_kansas_city_report.json"
    },
    {
      "id": "united_states_austin",
      "countryId": "united_states",
      "name": "Austin",
      "report": "reports/united_states_austin_report.json"
    },
    {
      "id": "united_states_los_angeles",
      "countryId": "united_states",
      "name": "Los Angeles",
      "report": "reports/united_states_los_angeles_report.json"
    },
    {
      "id": "united_states_san_francisco",
      "countryId": "united_states",
      "name": "San Francisco",
      "report": "reports/united_states_san_francisco_report.json"
    },
    {
      "id": "united_states_seattle",
      "countryId": "united_states",
      "name": "Seattle",
      "report": "reports/united_states_seattle_report.json"
    },
    {
      "id": "poland_warsaw",
      "countryId": "poland",
      "name": "Warsaw",
      "report": "reports/poland_warsaw_report.json"
    },
    {
      "id": "poland_kraków",
      "countryId": "poland",
      "name": "Kraków",
      "report": "reports/poland_kraków_report.json"
    },
    {
      "id": "poland_wrocław",
      "countryId": "poland",
      "name": "Wrocław",
      "report": "reports/poland_wrocław_report.json"
    },
    {
      "id": "japan_tokyo",
      "countryId": "japan",
      "name": "Tokyo",
      "report": "reports/japan_tokyo_report.json"
    },
    {
      "id": "japan_osaka",
      "countryId": "japan",
      "name": "Osaka",
      "report": "reports/japan_osaka_report.json"
    },
    {
      "id": "japan_kyoto",
      "countryId": "japan",
      "name": "Kyoto",
      "report": "reports/japan_kyoto_report.json"
    },
    {
      "id": "south_korea_seoul",
      "countryId": "south_korea",
      "name": "Seoul",
      "report": "reports/south_korea_seoul_report.json"
    },
    {
      "id": "china_shanghai",
      "countryId": "china",
      "name": "Shanghai",
      "report": "reports/china_shanghai_report.json"
    },
    {
      "id": "china_beijing",
      "countryId": "china",
      "name": "Beijing",
      "report": "reports/china_beijing_report.json"
    },
    {
      "id": "china_shenzhen",
      "countryId": "china",
      "name": "Shenzhen",
      "report": "reports/china_shenzhen_report.json"
    },
    {
      "id": "china_guangzhou",
      "countryId": "china",
      "name": "Guangzhou",
      "report": "reports/china_guangzhou_report.json"
    },
    {
      "id": "singapore_singapore",
      "countryId": "singapore",
      "name": "Singapore",
      "report": "reports/singapore_singapore_report.json"
    },
    {
      "id": "hong_kong_hong_kong",
      "countryId": "hong_kong",
      "name": "Hong Kong",
      "report": "reports/hong_kong_hong_kong_report.json"
    },
    {
      "id": "taiwan_taipei",
      "countryId": "taiwan",
      "name": "Taipei",
      "report": "reports/taiwan_taipei_report.json"
    },
    {
      "id": "australia_melbourne",
      "countryId": "australia",
      "name": "Melbourne",
      "report": "reports/australia_melbourne_report.json"
    },
    {
      "id": "australia_sydney",
      "countryId": "australia",
      "name": "Sydney",
      "report": "reports/australia_sydney_report.json"
    },
    {
      "id": "australia_brisbane",
      "countryId": "australia",
      "name": "Brisbane",
      "report": "reports/australia_brisbane_report.json"
    },
    {
      "id": "brazil_são_paulo",
      "countryId": "brazil",
      "name": "São Paulo",
      "report": "reports/brazil_são_paulo_report.json"
    },
    {
      "id": "mexico_mexico_city",
      "countryId": "mexico",
      "name": "Mexico City",
      "report": "reports/mexico_mexico_city_report.json"
    },
    {
      "id": "mexico_guadalajara",
      "countryId": "mexico",
      "name": "Guadalajara",
      "report": "reports/mexico_guadalajara_report.json"
    },
    {
      "id": "argentina_buenos_aires",
      "countryId": "argentina",
      "name": "Buenos Aires",
      "report": "reports/argentina_buenos_aires_report.json"
    },
    {
      "id": "chile_santiago",
      "countryId": "chile",
      "name": "Santiago",
      "report": "reports/chile_santiago_report.json"
    },
    {
      "id": "turkey_istanbul",
      "countryId": "turkey",
      "name": "Istanbul",
      "report": "reports/turkey_istanbul_report.json"
    },
    {
      "id": "israel_tel_aviv",
      "countryId": "israel",
      "name": "Tel Aviv",
      "report": "reports/israel_tel_aviv_report.json"
    },
    {
      "id": "south_africa_cape_town",
      "countryId": "south_africa",
      "name": "Cape Town",
      "report": "reports/south_africa_cape_town_report.json"
    },
    {
      "id": "south_africa_johannesburg",
      "countryId": "south_africa",
      "name": "Johannesburg",
      "report": "reports/south_africa_johannesburg_report.json"
    },
    {
      "id": "kenya_nairobi",
      "countryId": "kenya",
      "name": "Nairobi",
      "report": "reports/kenya_nairobi_report.json"
    },
    {
      "id": "russia_moscow",
      "countryId": "russia",
      "name": "Moscow",
      "report": "reports/russia_moscow_report.json"
    },
    {
      "id": "russia_saint_petersburg",
      "countryId": "russia",
      "name": "Saint Petersburg",
      "report": "reports/russia_saint_petersburg_report.json"
    },
    {
      "id": "czechia_prague",
      "countryId": "czechia",
      "name": "Prague",
      "report": "reports/czechia_prague_report.json"
    },
    {
      "id": "hungary_budapest",
      "countryId": "hungary",
      "name": "Budapest",
      "report": "reports/hungary_budapest_report.json"
    },
    {
      "id": "romania_bucharest",
      "countryId": "romania",
      "name": "Bucharest",
      "report": "reports/romania_bucharest_report.json"
    },
    {
      "id": "romania_cluj",
      "countryId": "romania",
      "name": "Cluj",
      "report": "reports/romania_cluj_report.json"
    },
    {
      "id": "serbia_belgrade",
      "countryId": "serbia",
      "name": "Belgrade",
      "report": "reports/serbia_belgrade_report.json"
    },
    {
      "id": "ukraine_kyiv",
      "countryId": "ukraine",
      "name": "Kyiv",
      "report": "reports/ukraine_kyiv_report.json"
    },
    {
      "id": "ukraine_lviv",
      "countryId": "ukraine",
      "name": "Lviv",
      "report": "reports/ukraine_lviv_report.json"
    }
  ]
}